{"py/object": "rasa.core.featurizers.tracker_featurizers.MaxHistoryTrackerFeaturizer", "state_featurizer": {"py/object": "rasa.core.featurizers.single_state_featurizer.SingleStateFeaturizer", "_default_feature_states": {"intent": {"affirm": 0, "ask_medical_term": 1, "back": 2, "bot_challenge": 3, "deny": 4, "goodbye": 5, "greet": 6, "mood_great": 7, "mood_unhappy": 8, "nlu_fallback": 9, "out_of_scope": 10, "restart": 11, "session_start": 12}, "action_name": {"action_listen": 0, "action_restart": 1, "action_session_start": 2, "action_default_fallback": 3, "action_deactivate_loop": 4, "action_revert_fallback_events": 5, "action_default_ask_affirmation": 6, "action_default_ask_rephrase": 7, "action_two_stage_fallback": 8, "action_unlikely_intent": 9, "action_back": 10, "...": 11, "action_extract_slots": 12, "utter_cheer_up": 13, "utter_did_that_help": 14, "utter_goodbye": 15, "utter_greet": 16, "utter_happy": 17, "utter_iamabot": 18, "utter_medical_term": 19}, "entities": {"medical_term": 0}, "slots": {}, "active_loop": {}}, "action_texts": [], "entity_tag_specs": []}, "max_history": 5, "remove_duplicates": true}